Workbook

Sheet redshift_table
B1: All | E1: Set_A_m1_231023 | H1: Set_C | K1: Set_B_p1
A2: slit | B2: z | C2: conf | D2: spec_quality | E2: grade1 | F2: z1 | G2: lines1 | H2: grade3 | I2: z3 | J2: lines3 | K2: grade2 | L2: z2 | M2: lines2 | N2: note | O2: bad_line | P2: slit_RA | Q2: slit_DEC | R2: M_s | S2: M_s_err | T2: g1_bestfit | U2: g1_peak | V2: g1_median | W2: g1_err- | X2: g1_err+ | Y2: g2_bestfit | Z2: g2_peak | AA2: g2_median | AB2: g2_err- | AC2: g2_err+ | AD2: theta_int_bestfit | AE2: theta_int_peak | AF2: theta_int_median | AG2: theta_int_err- | AH2: theta_int_err+ | AI2: vcirc_bestfit | AJ2: vcirc_peak | AK2: vcirc_median | AL2: vcirc_err- | AM2: vcirc_err+ | AN2: cosi_bestfit | AO2: cosi_peak | AP2: cosi_median | AQ2: cosi_err- | AR2: cosi_err+ | AS2: r_hl_disk_bestfit | AT2: r_hl_disk_peak | AU2: r_hl_disk_median | AV2: r_hl_disk_err- | AW2: r_hl_disk_err+ | AX2: flux_bestfit | AY2: flux_peak | AZ2: flux_median | BA2: flux_err- | BB2: flux_err+ | BC2: dx_disk_bestfit | BD2: dx_disk_peak | BE2: dx_disk_median | BF2: dx_disk_err- | BG2: dx_disk_err+ | BH2: dy_disk_bestfit | BI2: dy_disk_peak | BJ2: dy_disk_median | BK2: dy_disk_err- | BL2: dy_disk_err+ | BM2: vscale_bestfit | BN2: vscale_peak | BO2: vscale_median | BP2: vscale_err- | BQ2: vscale_err+
A3: 1 | B3: =IFERROR(AVERAGE(F3,L3,I3),"") | D3: F | E3: F (ns) | H3: F (ns) | K3: F (ns) | P3: 42.166334 | Q3: -3.4023557
A4: 2 | B4: =IFERROR(AVERAGE(F4,L4,I4),"") | D4: E | E4: E (fc) | H4: E (fc) | K4: E (fc) | P4: 42.195348 | Q4: -3.4206981
A5: 3 | B5: =IFERROR(AVERAGE(F5,L5,I5),"") | C5: 3 | D5: A | E5: F (ns) | H5: A | I5: 0.773 | J5: Hb,O3a,O3b | K5: B (sky) | L5: 0.773 | M5: O3a,O3b | O5: Hb,O3a | P5: 42.179617 | Q5: -3.4185339 | R5: 9.672 | S5: 0.098
A6: 4 | B6: =IFERROR(AVERAGE(F6,L6,I6),"") | C6: 3 | D6: B | E6: F (ns) | H6: B (sky) | I6: 0.668 | J6: Hb,O3b | K6: B (sky) | L6: 0.6685 | M6: Hb,O3b | P6: 42.202186 | Q6: -3.431905
A7: 5 | B7: =IFERROR(AVERAGE(F7,L7,I7),"") | C7: 3 | D7: A | E7: B (sky) | F7: 0.8465 | G7: Hb,O3b | H7: A | I7: 0.846 | J7: Hg,Hb,O3b | K7: A | L7: 0.846 | M7: Hb,O3b | O7: Hg | P7: 42.199228 | Q7: -3.4354826 | R7: 9.951 | S7: 0.052
A8: 6 | B8: =IFERROR(AVERAGE(F8,L8,I8),"") | D8: D | E8: D (gc) | H8: D (gc) | K8: D (gc) | P8: 42.176061 | Q8: -3.4287201
A9: 7 | B9: =IFERROR(AVERAGE(F9,L9,I9),"") | C9: 3 | D9: A | E9: A | F9: 0.411 | G9: N2a,N2b,Ha | H9: A | I9: 0.411 | J9: N2a,N2b,Ha | K9: A | L9: 0.4105 | M9: N2a,N2b,Ha | P9: 42.182724 | Q9: -3.4347805 | R9: 10.212 | S9: 0.028
A10: 8 | B10: =IFERROR(AVERAGE(F10,L10,I10),"") | C10: 3 | D10: A | E10: A | F10: 0.4915 | G10: Hb,O3a,O3b | H10: A | I10: 0.492 | J10: Hb,O3a,O3b | K10: A | L10: 0.492 | M10: Hb,O3a,O3b | O10: O3a | P10: 42.21353 | Q10: -3.4520444 | R10: 9.986 | S10: 0.042
A11: 9 | B11: =IFERROR(AVERAGE(F11,L11,I11),"") | D11: E | E11: E (fc) | H11: E (fc) | K11: E (fc) | P11: 42.177915 | Q11: -3.4385782
A12: 10 | B12: =IFERROR(AVERAGE(F12,L12,I12),"") | C12: 3 | D12: A | E12: B (sky) | F12: 0.6685 | G12: Hb,O3a,O3b | H12: A | I12: 0.669 | J12: Hb,O3a,O3b | K12: A | L12: 0.67 | M12: Hb,O3a,O3b | O12: O3a | P12: 42.216148 | Q12: -3.461236 | R12: 9.515 | S12: 0.066
A13: 11 | B13: =IFERROR(AVERAGE(F13,L13,I13),"") | D13: E | E13: E (fc) | H13: E (fc) | K13: E (fc) | P13: 42.215616 | Q13: -3.4642511
A14: 12 | B14: =IFERROR(AVERAGE(F14,L14,I14),"") | C14: 3 | D14: BS | E14: F (ns) | H14: B (sky) | I14: 0.479 | J14: Hb,O3a,O3b | K14: F (ns) | O14: Hb,O3a,O3b | P14: 42.170616 | Q14: -3.4479308
A15: 13 | B15: =IFERROR(AVERAGE(F15,L15,I15),"") | C15: 3 | D15: BS | E15: E (fc) | H15: B (sky) | I15: 0.846 | J15: O3a,O3b | K15: D (gc) | N15: More than one target in this slit, other z=0.2955 (N II, H alpha, S II; 3) | O15: O3a | P15: 42.139709 | Q15: -3.4376063 | R15: 9.521 | S15: 0.073
A16: 14 | B16: =IFERROR(AVERAGE(F16,L16,I16),"") | C16: 3 | D16: B | E16: B (sky) | F16: 0.584 | G16: O3b | H16: B (sky) | I16: 0.583 | J16: Hb,O3a,O3b | K16: B (sky) | L16: 0.584 | M16: Hb,O3b | O16: O3a | P16: 42.17938 | Q16: -3.4590941 | R16: 9.323 | S16: 0.091
A17: 15 | B17: =IFERROR(AVERAGE(F17,L17,I17),"") | C17: 2 | D17: B | E17: B (sky) | F17: 1.401 | G17: O2 | H17: B (sky) | I17: 1.399 | J17: O2 | K17: B (sky) | L17: 1.4 | M17: O2 | N17: Very extended line, 8 Angstrom | P17: 42.177477 | Q17: -3.461241 | R17: 9.578 | S17: 0.12
A18: 16 | B18: =IFERROR(AVERAGE(F18,L18,I18),"") | C18: 3 | D18: B | E18: B (sky) | F18: 0.682 | G18: O3b | H18: B (sky) | I18: 0.682 | J18: Hb,O3b | K18: B (sky) | L18: 0.682 | M18: O3b | O18: Hb | P18: 42.139733 | Q18: -3.4466916 | R18: 9.586 | S18: 0.046
A19: 17 | B19: =IFERROR(AVERAGE(F19,L19,I19),"") | C19: 3 | D19: AS | E19: F (ns) | H19: F (ns) | K19: A | L19: 0.612 | M19: Hb,O3a,O3b | O19: O3a,Hb | P19: 42.172676 | Q19: -3.4662291 | R19: 9.566 | S19: 0.09
A20: 18 | B20: =IFERROR(AVERAGE(F20,L20,I20),"") | C20: 3 | D20: A | E20: F (ns) | H20: A | I20: 0.847 | J20: Hb,O3b | K20: A | L20: 0.847 | M20: O3b | P20: 42.128581 | Q20: -3.4493951 | R20: 10.016 | S20: 0.051
A21: 19 | B21: =IFERROR(AVERAGE(F21,L21,I21),"") | C21: 3 | D21: A | E21: A | F21: 0.633 | G21: O3b | H21: A | I21: 0.633 | J21: Hb,O3b | K21: E (fc) | O21: Hb | P21: 42.132376 | Q21: -3.4546561 | R21: 9.306 | S21: 0.063
A22: 20 | B22: =IFERROR(AVERAGE(F22,L22,I22),"") | C22: 3 | D22: A | E22: F (ns) | H22: A | I22: 0.474 | J22: Hb,O3b | K22: A | L22: 0.474 | M22: O3b | P22: 42.195257 | Q22: -3.4888567 | R22: 8.656 | S22: 0.056
A23: 21 | B23: =IFERROR(AVERAGE(F23,L23,I23),"") | C23: 3 | D23: A | E23: A | F23: 0.903 | G23: O2 | H23: A | I23: 0.902 | J23: O2,Hb | K23: A | L23: 0.902 | M23: O2 | P23: 42.194816 | Q23: -3.4955871 | R23: 9.383 | S23: 0.055
A24: 22 | B24: =IFERROR(AVERAGE(F24,L24,I24),"") | D24: F | E24: F (ns) | H24: F (ns) | K24: F (ns) | P24: 42.197776 | Q24: -3.5000877
A25: 23 | B25: =IFERROR(AVERAGE(F25,L25,I25),"") | C25: 3 | D25: A | E25: A | F25: 0.5655 | G25: O3b | H25: A | I25: 0.566 | J25: O3a,O3b | K25: A | L25: 0.565 | M25: O3b | P25: 42.130406 | Q25: -3.4720578 | R25: 9.591 | S25: 0.083
A26: 24 | B26: =IFERROR(AVERAGE(F26,L26,I26),"") | C26: 3 | D26: A | E26: A | F26: 0.849 | G26: O3b | H26: A | I26: 0.848 | J26: Hg,Hb,O3a,O3b | K26: A | L26: 0.848 | M26: Hb,O3a,O3b | O26: Hb,Hg | P26: 42.137042 | Q26: -3.4785358 | R26: 9.696 | S26: 0.082
A27: 25 | B27: =IFERROR(AVERAGE(F27,L27,I27),"") | C27: 3 | D27: A | E27: F (ns) | H27: A | I27: 0.633 | J27: Hb,O3b | K27: A | L27: 0.633 | M27: Hb,O3b | P27: 42.112585 | Q27: -3.4700597 | R27: 9.39 | S27: 0.062
A28: 26 | B28: =IFERROR(AVERAGE(F28,L28,I28),"") | C28: 3 | D28: A | E28: E (fc) | H28: A | I28: 0.675 | J28: Hb | K28: B (sky) | L28: 0.674 | M28: Hb,O3b | N28: Single line, not likely [O II] | O28: O3a | P28: 42.208147 | Q28: -3.5172006 | R28: 9.97 | S28: 0.05
A29: 27 | B29: =IFERROR(AVERAGE(F29,L29,I29),"") | C29: 3 | D29: AS | E29: E (fc) | H29: E (fc) | K29: A | L29: 0.63 | M29: Hb,O3b | P29: 42.118436 | Q29: -3.478245 | R29: 9.924 | S29: 0.022
A30: 28 | B30: =IFERROR(AVERAGE(F30,L30,I30),"") | C30: 3 | D30: B | E30: F (ns) | H30: B (sky) | I30: 0.57 | J30: O3a,O3b | K30: B (sky) | L30: 0.57 | M30: O3b | O30: O3a | P30: 42.198081 | Q30: -3.5185422 | R30: 9.049 | S30: 0.117
A31: 29 | B31: =IFERROR(AVERAGE(F31,L31,I31),"") | C31: 3 | D31: A | E31: A | F31: 0.565 | G31: O3b | H31: A | I31: 0.564 | J31: O3a,O3b | K31: B (sky) | L31: 0.5635 | M31: O3a,O3b | O31: O3a | P31: 42.140826 | Q31: -3.4967561 | R31: 9.977 | S31: 0.014
A32: 30 | B32: =IFERROR(AVERAGE(F32,L32,I32),"") | C32: 3 | D32: A | E32: A | F32: 0.628 | G32: O3b | H32: A | I32: 0.628 | J32: Hb,O3a,O3b | K32: A | L32: 0.628 | M32: Hb,O3a,O3b | O32: Hb | P32: 42.122515 | Q32: -3.4913543 | R32: 9.576 | S32: 0.111
A33: 31 | B33: =IFERROR(AVERAGE(F33,L33,I33),"") | D33: C | E33: C (cs) | H33: C (cs) | K33: C (cs) | P33: 42.093127 | Q33: -3.4805345
A34: 32 | B34: =IFERROR(AVERAGE(F34,L34,I34),"") | C34: 2 | D34: B | E34: F (ns) | H34: B (sky) | I34: 1.1 | J34: O2 | K34: B (sky) | L34: 1.0995 | M34: O2 | P34: 42.134115 | Q34: -3.5044585 | R34: 9.628 | S34: 0.167
A35: 33 | B35: =IFERROR(AVERAGE(F35,L35,I35),"") | C35: 3 | D35: B | E35: F (ns) | H35: B (sky) | I35: 0.684 | J35: Hb,O3b | K35: B (sky) | L35: 0.684 | M35: Hb,O3b | O35: O3b | P35: 42.16135 | Q35: -3.52079 | R35: 9.888 | S35: 0.061
A36: 34 | B36: =IFERROR(AVERAGE(F36,L36,I36),"") | C36: 3 | D36: A | E36: B (sky) | F36: 0.657 | G36: O3b | H36: A | I36: 0.657 | J36: Hb,O3a,O3b | K36: A | L36: 0.6565 | M36: Hb,O3a,O3b | P36: 42.107535 | Q36: -3.4995786
A37: 35 | B37: =IFERROR(AVERAGE(F37,L37,I37),"") | C37: 3 | D37: B | E37: A | F37: 0.655 | G37: Hb,O3b | H37: B (sky) | I37: 0.657 | J37: Hb,O3b | K37: B (sky) | L37: 0.6575 | M37: Hb | N37: More than one target in this slit, other z=0.991 ([O II]; 2.5) | O37: O3b | P37: 42.106013 | Q37: -3.5026083 | R37: 9.936 | S37: 0.005
A38: 36 | B38: =IFERROR(AVERAGE(F38,L38,I38),"") | C38: 3 | D38: AS | E38: E (fc) | H38: A | I38: 0.528 | J38: Hb,O3b | K38: E (fc) | P38: 42.143129 | Q38: -3.5236084 | R38: 9.564 | S38: 0.057
A39: 37 | B39: =IFERROR(AVERAGE(F39,L39,I39),"") | D39: E | E39: E (fc) | H39: E (fc) | K39: E (fc) | P39: 42.118264 | Q39: -3.5148115
A40: 38 | B40: =IFERROR(AVERAGE(F40,L40,I40),"") | D40: E | E40: E (fc) | H40: E (fc) | K40: E (fc) | P40: 42.116043 | Q40: -3.5170309
A41: 39 | B41: =IFERROR(AVERAGE(F41,L41,I41),"") | C41: 3 | D41: A | E41: B (sky) | F41: 0.566 | G41: O3b | H41: A | I41: 0.567 | J41: Hb,O3a,O3b | K41: A | L41: 0.5665 | M41: Hb,O3b | O41: Hb,O3a | P41: 42.090057 | Q41: -3.5078301 | R41: 9.307 | S41: 0.099
A42: 40 | B42: =IFERROR(AVERAGE(F42,L42,I42),"") | C42: 3 | D42: A | E42: A | F42: 0.615 | G42: O3b | H42: B (sky) | I42: 0.614 | J42: Hb,O3a,O3b | K42: A | L42: 0.6145 | M42: Hb,O3a,O3b | O42: O3a | P42: 42.12342 | Q42: -3.5274752 | R42: 9.526 | S42: 0.129
A43: 41 | B43: =IFERROR(AVERAGE(F43,L43,I43),"") | D43: E | E43: E (fc) | H43: E (fc) | K43: E (fc) | P43: 42.14458 | Q43: -3.541098
A44: 42 | B44: =IFERROR(AVERAGE(F44,L44,I44),"") | C44: 3 | D44: B | E44: F (ns) | H44: B (sky) | I44: 0.61 | J44: Hb,O3a,O3b | K44: B (sky) | L44: 0.61 | M44: Hb,O3b | O44: O3a | P44: 42.105343 | Q44: -3.5256263 | R44: 9.052 | S44: 0.098
A45: 43 | B45: =IFERROR(AVERAGE(F45,L45,I45),"") | C45: 3 | D45: A | E45: F (ns) | H45: A | I45: 0.56 | J45: Hb,O3b | K45: A | L45: 0.5605 | M45: Hb,O3b | P45: 42.159774 | Q45: -3.5557321 | R45: 9.112 | S45: 0.09
A46: 44 | B46: =IFERROR(AVERAGE(F46,L46,I46),"") | D46: E | E46: E (fc) | H46: E (fc) | K46: E (fc) | P46: 42.145119 | Q46: -3.5520877
A47: 45 | B47: =IFERROR(AVERAGE(F47,L47,I47),"") | C47: 3 | D47: A | E47: A | F47: 0.607 | G47: Hb,O3b | H47: A | I47: 0.606 | J47: Hb,O3b | K47: A | L47: 0.606 | M47: Hb,O3b | P47: 42.120297 | Q47: -3.543515 | R47: 9.681 | S47: 0.074
A48: 46 | B48: =IFERROR(AVERAGE(F48,L48,I48),"") | D48: E | E48: E (fc) | H48: E (fc) | K48: E (fc) | P48: 42.124217 | Q48: -3.5485937
A49: 47 | B49: =IFERROR(AVERAGE(F49,L49,I49),"") | C49: 3 | D49: A | E49: B (sky) | F49: 0.7845 | G49: O3b | H49: B (sky) | I49: 0.784 | J49: O3b | K49: A | L49: 0.7835 | M49: Hb,O3b | P49: 42.104541 | Q49: -3.5423152 | R49: 9.951 | S49: 0.059
A50: 48 | B50: =IFERROR(AVERAGE(F50,L50,I50),"") | C50: 3 | D50: A | E50: F (ns) | H50: A | I50: 0.784 | J50: Hb,O3b | K50: A | L50: 0.7845 | M50: O3b | O50: Hb | P50: 42.123729 | Q50: -3.5544001 | R50: 9.575 | S50: 0.101
A51: 49 | B51: =IFERROR(AVERAGE(F51,L51,I51),"") | C51: 3 | D51: B | E51: F (ns) | H51: B (sky) | I51: 0.666 | J51: Hb,O3b | K51: B (sky) | L51: 0.666 | M51: Hb,O3b | O51: O3b | P51: 42.185382 | Q51: -3.5879475 | R51: 9.49 | S51: 0.048
A52: 50 | B52: =IFERROR(AVERAGE(F52,L52,I52),"") | C52: 3 | D52: A | E52: B (sky) | F52: 0.845 | G52: Hb | H52: A | I52: 0.845 | J52: O2,Hb | K52: A | L52: 0.845 | M52: O2,Hb | P52: 42.16486 | Q52: -3.5812126 | R52: 10.304 | S52: 0.062
A53: 51 | B53: =IFERROR(AVERAGE(F53,L53,I53),"") | D53: D | E53: D (gc) | H53: D (gc) | K53: D (gc) | P53: 42.125544 | Q53: -3.5677933
A54: 52 | B54: =IFERROR(AVERAGE(F54,L54,I54),"") | C54: 3 | D54: A | E54: F (ns) | H54: A | I54: 0.618 | J54: Hb,O3b | K54: A | L54: 0.618 | M54: Hb,O3b | P54: 42.12093 | Q54: -3.5685508 | R54: 9.439 | S54: 0.061
A55: 53 | B55: =IFERROR(AVERAGE(F55,L55,I55),"") | D55: C | E55: C (cs) | H55: C (cs) | K55: C (cs) | P55: 42.089489 | Q55: -3.5571025
A56: 54 | B56: =IFERROR(AVERAGE(F56,L56,I56),"") | C56: 3 | D56: A | E56: E (fc) | H56: A | I56: 0.514 | J56: Hb,O3b | K56: A | L56: 0.5145 | M56: Hb,O3a,O3b | N56: Two suspecious emission dots 320 Angstrom redwards of [O III] | P56: 42.133048 | Q56: -3.5802354 | R56: 9.315 | S56: 0.085
A57: 55 | B57: =IFERROR(AVERAGE(F57,L57,I57),"") | C57: 3 | D57: AS | E57: E (fc) | H57: D (gc) | K57: A | L57: 0.514 | M57: Hb,O3b | N57: More than one target in this slit, other z=0.2545 (N II, H alpha, S II; 3) | P57: 42.163426 | Q57: -3.5991566 | R57: 9.495 | S57: 0.088
A58: 56 | B58: =IFERROR(AVERAGE(F58,L58,I58),"") | C58: 3 | D58: B | E58: F (ns) | H58: B (sky) | I58: 0.803 | J58: Hb,O3b | K58: B (sky) | L58: 0.8025 | M58: Hb,O3b | O58: Hb | P58: 42.115665 | Q58: -3.5808494 | R58: 10.13 | S58: 0.057
A59: 57 | B59: =IFERROR(AVERAGE(F59,L59,I59),"") | C59: 3 | D59: B | E59: F (ns) | H59: B (sky) | I59: 0.781 | J59: Hb,O3b | K59: B (sky) | L59: 0.781 | M59: Hb,O3b | O59: Hb | P59: 42.076121 | Q59: -3.5661768 | R59: 9.981 | S59: 0.069
A60: 58 | B60: =IFERROR(AVERAGE(F60,L60,I60),"") | C60: 3 | D60: BS | E60: F (ns) | H60: F (ns) | K60: B (sky) | L60: 0.659 | M60: Hb,O3b | O60: Hb | P60: 42.112405 | Q60: -3.5890243 | R60: 9.445 | S60: 0.031 | V60: 100000000
A61: 59 | B61: =IFERROR(AVERAGE(F61,L61,I61),"") | C61: 3 | D61: A | E61: F (ns) | H61: A | I61: 0.82 | J61: Hg,Hb,O3a,O3b | K61: A | L61: 0.821 | M61: Hg,Hb,O3a,O3b | O61: Hb | P61: 42.119855 | Q61: -3.5956342 | R61: 9.492 | S61: 0.026
A62: 60 | B62: =IFERROR(AVERAGE(F62,L62,I62),"") | C62: 3 | D62: A | E62: A | F62: 0.661 | G62: O3a | H62: A | I62: 0.66 | J62: Hb,O3a,O3b | K62: A | L62: 0.66 | M62: Hb,O3a,O3b | P62: 42.110742 | Q62: -3.59539 | R62: 9.626 | S62: 0.06
A63: 61 | B63: =IFERROR(AVERAGE(F63,L63,I63),"") | C63: 3 | D63: BS | E63: E (fc) | H63: E (fc) | K63: B (sky) | L63: 0.5145 | M63: Hb,O3b | O63: Hb | P63: 42.108371 | Q63: -3.5979536 | R63: 8.97 | S63: 0.109
A64: 62 | B64: =IFERROR(AVERAGE(F64,L64,I64),"") | D64: E | E64: E (fc) | H64: E (fc) | K64: E (fc) | P64: 42.112883 | Q64: -3.6044437
A65: 63 | B65: =IFERROR(AVERAGE(F65,L65,I65),"") | C65: 3 | D65: A | E65: F (ns) | H65: A | I65: 0.514 | J65: Hb,O3a | K65: A | L65: 0.514 | M65: Hb,O3a | P65: 42.096227 | Q65: -3.5994258 | R65: 9.187 | S65: 0.076
A66: 64 | B66: =IFERROR(AVERAGE(F66,L66,I66),"") | C66: 3 | D66: B | E66: F (ns) | H66: B (sky) | I66: 0.804 | J66: O3a,O3b | K66: B (sky) | L66: 0.802 | M66: O3a,O3b | P66: 42.099111 | Q66: -3.6056084 | R66: 8.916 | S66: 0.129
A67: 65 | B67: =IFERROR(AVERAGE(F67,L67,I67),"") | C67: 3 | D67: A | E67: F (ns) | H67: A | I67: 0.84 | J67: O2,Hb | K67: A | L67: 0.841 | M67: O2,Hb | P67: 42.153058 | Q67: -3.6332448 | R67: 9.568 | S67: 0.131
A68: 66 | B68: =IFERROR(AVERAGE(F68,L68,I68),"") | D68: C | E68: C (cs) | H68: C (cs) | K68: C (cs) | P68: 42.050265 | Q68: -3.5887134
A69: 67 | B69: =IFERROR(AVERAGE(F69,L69,I69),"") | C69: 3 | D69: B | E69: F (ns) | H69: B (sky) | I69: 0.594 | J69: O3a,O3b | K69: B (sky) | L69: 0.594 | M69: O3a,O3b | P69: 42.137923 | Q69: -3.6331218 | R69: 9.037 | S69: 0.1
A70: 68 | B70: =IFERROR(AVERAGE(F70,L70,I70),"") | D70: C | E70: C (cs) | H70: C (cs) | K70: C (cs) | P70: 42.143288 | Q70: -3.6387784
A71: 69 | B71: =IFERROR(AVERAGE(F71,L71,I71),"") | C71: 3 | D71: A | E71: B (sky) | F71: 0.6595 | G71: Hb | H71: A | I71: 0.659 | J71: Hb,O3a,O3b | K71: B (sky) | L71: 0.6595 | M71: Hb,O3b | O71: O3b | P71: 42.145585 | Q71: -3.6429235 | R71: 9.883 | S71: 0.082
A72: 70 | B72: =IFERROR(AVERAGE(F72,L72,I72),"") | C72: 3 | D72: A | E72: F (ns) | H72: A | I72: 0.671 | J72: Hb,O3b | K72: A | L72: 0.6715 | M72: Hb,O3b | P72: 42.118898 | Q72: -3.6356005 | R72: 9.769 | S72: 0.065
A73: 71 | B73: =IFERROR(AVERAGE(F73,L73,I73),"") | C73: 3 | D73: A | E73: F (ns) | H73: A | I73: 0.681 | J73: Hb,O3b | K73: A | L73: 0.682 | M73: Hb,O3b | P73: 42.102837 | Q73: -3.6312542
A74: 72 | B74: =IFERROR(AVERAGE(F74,L74,I74),"") | C74: 3 | D74: A | E74: F (ns) | H74: A | I74: 0.684 | J74: Hg,Hb,O3b | K74: A | L74: 0.683 | M74: Hg,Hb,O3b | O74: Hg,O3b | P74: 42.098326 | Q74: -3.632645 | R74: 10.223 | S74: 0.042
A75: 73 | B75: =IFERROR(AVERAGE(F75,L75,I75),"") | D75: C | E75: C (cs) | H75: C (cs) | K75: C (cs) | P75: 42.127792 | Q75: -3.6539549
A76: 74 | B76: =IFERROR(AVERAGE(F76,L76,I76),"") | D76: E | E76: E (fc) | H76: E (fc) | K76: E (fc) | P76: 41.998617 | Q76: -3.3252376
A77: 75 | B77: =IFERROR(AVERAGE(F77,L77,I77),"") | C77: 2 | D77: A | E77: A | F77: 0.955 | G77: O2 | H77: A | I77: 0.955 | J77: O2 | K77: F (ns) | P77: 42.040507 | Q77: -3.3474537 | R77: 10.114 | S77: 0.074
A78: 76 | B78: =IFERROR(AVERAGE(F78,L78,I78),"") | D78: E | E78: E (fc) | H78: E (fc) | K78: E (fc) | P78: 41.997574 | Q78: -3.3318446
A79: 77 | B79: =IFERROR(AVERAGE(F79,L79,I79),"") | C79: 3 | D79: BS | E79: F (ns) | H79: B (sky) | I79: 0.766 | J79: Hb,O3b | K79: F (ns) | O79: O3b | P79: 42.021658 | Q79: -3.3468338 | R79: 9.596 | S79: 0.089
A80: 78 | B80: =IFERROR(AVERAGE(F80,L80,I80),"") | C80: 3 | D80: A | E80: A | F80: 0.497 | G80: Hb,O3a,O3b | H80: A | I80: 0.496 | J80: Hb,O3a,O3b | K80: A | L80: 0.497 | M80: Hb,O3a,O3b | P80: 41.991587 | Q80: -3.3362488 | R80: 9.371 | S80: 0.067
A81: 79 | B81: =IFERROR(AVERAGE(F81,L81,I81),"") | C81: 3 | D81: A | E81: B (sky) | F81: 0.653 | G81: Hb,O3a,O3b | H81: A | I81: 0.652 | J81: Hb,O3a,O3b | K81: A | L81: 0.652 | M81: Hb,O3a,O3b | N81: One suspecious emission dot 300 Angstrom bluewards of H beta. Extra gal along light of sight? | O81: O3a,Hb | P81: 42.005795 | Q81: -3.3455384 | R81: 9.371 | S81: 0.023
A82: 80 | B82: =IFERROR(AVERAGE(F82,L82,I82),"") | C82: 3 | D82: A | E82: A | F82: 0.5985 | G82: Hb,O3a,O3b | H82: A | I82: 0.598 | J82: Hb,O3a,O3b | K82: A | L82: 0.599 | M82: Hb,O3a,O3b | P82: 41.966109 | Q82: -3.3309641 | R82: 10.055 | S82: 0.101
A83: 81 | B83: =IFERROR(AVERAGE(F83,L83,I83),"") | D83: E | E83: E (fc) | H83: E (fc) | K83: E (fc) | P83: 42.012715 | Q83: -3.3552017
A84: 82 | B84: =IFERROR(AVERAGE(F84,L84,I84),"") | C84: 3 | D84: A | E84: A | F84: 0.5225 | G84: Hb,O3a,O3b | H84: A | I84: 0.523 | J84: Hb,O3a,O3b | K84: B (sky) | L84: 0.523 | M84: Hb,O3a,O3b | P84: 42.006723 | Q84: -3.3560606 | R84: 9.582 | S84: 0.076
A85: 83 | B85: =IFERROR(AVERAGE(F85,L85,I85),"") | D85: E | E85: F (ns) | H85: E (fc) | K85: F (ns) | P85: 42.033815 | Q85: -3.3721167
A86: 84 | B86: =IFERROR(AVERAGE(F86,L86,I86),"") | C86: 3 | D86: A | E86: B (sky) | F86: 0.7665 | G86: O3b | H86: A | I86: 0.767 | J86: Hb,O3b | K86: B (sky) | L86: 0.767 | M86: Hb,O3b | P86: 42.010092 | Q86: -3.365015 | R86: 9.752 | S86: 0.008
A87: 85 | B87: =IFERROR(AVERAGE(F87,L87,I87),"") | D87: C | E87: C (cs) | H87: C (cs) | K87: C (cs) | P87: 41.982928 | Q87: -3.3570578
A88: 86 | B88: =IFERROR(AVERAGE(F88,L88,I88),"") | D88: E | E88: E (fc) | H88: E (fc) | K88: E (fc) | P88: 42.004756 | Q88: -3.370215
A89: 87 | B89: =IFERROR(AVERAGE(F89,L89,I89),"") | C89: 3 | D89: A | E89: A | F89: 0.7415 | G89: O3b | H89: A | I89: 0.741 | J89: Hg,Hb,O3a,O3b | K89: B (sky) | L89: 0.7415 | M89: O3b | O89: Hb,O3a | P89: 42.013011 | Q89: -3.3793457 | R89: 9.238 | S89: 0.028
A90: 88 | B90: =IFERROR(AVERAGE(F90,L90,I90),"") | C90: 3 | D90: A | E90: A | F90: 0.7115 | G90: Hb,O3a,O3b | H90: A | I90: 0.712 | J90: Hb,O3a,O3b | K90: A | L90: 0.711 | M90: Hb,O3b | P90: 42.024038 | Q90: -3.3882531 | R90: 9.381 | S90: 0.081
A91: 89 | B91: =IFERROR(AVERAGE(F91,L91,I91),"") | C91: 3 | D91: A | E91: A | F91: 0.508 | G91: Hb,O3a,O3b | H91: A | I91: 0.508 | J91: Hb,O3a,O3b | K91: B (sky) | L91: 0.508 | M91: O3b | P91: 41.945192 | Q91: -3.3555771
A92: 90 | B92: =IFERROR(AVERAGE(F92,L92,I92),"") | C92: 3 | D92: B | E92: E (fc) | H92: B (sky) | I92: 0.372 | J92: N2a,N2b,Ha | K92: B (sky) | L92: 0.372 | M92: N2a,N2b,Ha | O92: N2a | P92: 42.002538 | Q92: -3.385573 | R92: 9.977 | S92: 0.003
A93: 91 | B93: =IFERROR(AVERAGE(F93,L93,I93),"") | C93: 3 | D93: A | E93: A | F93: 0.496 | G93: Hb,O3a,O3b | H93: A | I93: 0.495 | J93: Hb,O3a,O3b | K93: B (sky) | L93: 0.495 | M93: Hb,O3b | O93: O3a | P93: 41.986531 | Q93: -3.3820542 | R93: 9.483 | S93: 0.072
A94: 92 | B94: =IFERROR(AVERAGE(F94,L94,I94),"") | C94: 3 | D94: B | E94: B (sky) | F94: 0.603 | G94: Hb,O3b | H94: B (sky) | I94: 0.603 | J94: Hb,O3b | K94: E (fc) | P94: 41.946963 | Q94: -3.3686725 | R94: 10.088 | S94: 0.018
A95: 93 | B95: =IFERROR(AVERAGE(F95,L95,I95),"") | C95: 3 | D95: A | E95: A | F95: 0.4965 | G95: O3a,O3b | H95: A | I95: 0.496 | J95: O3a | K95: A | L95: 0.496 | M95: O3a | P95: 41.991234 | Q95: -3.3921612 | R95: 9.228 | S95: 0.106
A96: 94 | B96: =IFERROR(AVERAGE(F96,L96,I96),"") | D96: C | E96: C (cs) | H96: C (cs) | K96: C (cs) | P96: 41.985435 | Q96: -3.3937432
A97: 95 | B97: =IFERROR(AVERAGE(F97,L97,I97),"") | C97: 3 | D97: A | E97: A | F97: 0.9395 | G97: O2 | H97: A | I97: 0.94 | J97: O2 | K97: A | L97: 0.94 | M97: O2 | P97: 42.00292 | Q97: -3.4046323 | R97: 9.257 | S97: 0.054
A98: 96 | B98: =IFERROR(AVERAGE(F98,L98,I98),"") | C98: 3 | D98: A | E98: A | F98: 0.495 | G98: O3a,O3b | H98: A | I98: 0.496 | J98: O3a,O3b | K98: F (ns) | P98: 42.023171 | Q98: -3.4192699 | R98: 9.443 | S98: 0.064
A99: 97 | B99: =IFERROR(AVERAGE(F99,L99,I99),"") | C99: 3 | D99: B | E99: B (sky) | F99: 0.5945 | G99: Hb,O3b | H99: B (sky) | I99: 0.596 | J99: Hb | K99: B (sky) | L99: 0.5955 | M99: Hb,O3b | N99: Only one galaxy at slit position but two continuum observed | O99: O3b | P99: 41.966123 | Q99: -3.3964544 | R99: 9.612 | S99: 0.046
A100: 98 | B100: =IFERROR(AVERAGE(F100,L100,I100),"") | C100: 3 | D100: B | E100: B (sky) | F100: 0.659 | G100: Hb,O3b | H100: B (sky) | I100: 0.658 | J100: Hb | K100: E (fc) | N100: Only one faint emission feature | P100: 42.030413 | Q100: -3.4348397 | R100: 9.889 | S100: 0.056
...

Sheet other_calculations
A1: conf | B1: amount | D1: spec_quality | E1: amount
A2: 1 | B2: =COUNTIF(redshift_table!C3:C144, "") | D2: A | E2: =COUNTIF(redshift_table!D3:D144, "A")
A3: 2 | B3: =COUNTIF(redshift_table!C:C, 2) | D3: AS | E3: =COUNTIF(redshift_table!D3:D144, "AS")
A4: 3 | B4: =COUNTIF(redshift_table!C:C, 3) | D4: B | E4: =COUNTIF(redshift_table!D3:D144, "B")
D5: BS | E5: =COUNTIF(redshift_table!D3:D144, "BS")
D6: C | E6: =COUNTIF(redshift_table!D3:D144, "C")
D7: D | E7: =COUNTIF(redshift_table!D3:D144, "D")
D8: E | E8: =COUNTIF(redshift_table!D3:D144, "E")
D9: F | E9: =COUNTIF(redshift_table!D3:D144, "F")
